20180114	关注房地产	7272	http://caifuhao.eastmoney.com/topic/42	caifuhao
20180114	区块链发飙	1199	http://caifuhao.eastmoney.com/topic/44	caifuhao
20180114	医药腾飞	2751	http://caifuhao.eastmoney.com/topic/11	caifuhao
20180114	白酒股活跃	13942	http://caifuhao.eastmoney.com/topic/16	caifuhao
20180114	煤炭行业回暖	3097	http://caifuhao.eastmoney.com/topic/37	caifuhao
20180114	关注有色金属	9321	http://caifuhao.eastmoney.com/topic/12	caifuhao
20180114	聚焦雄安	38521	http://caifuhao.eastmoney.com/topic/17	caifuhao
20180114	关注可燃冰	7495	http://caifuhao.eastmoney.com/topic/24	caifuhao
20180114	聚焦环保	9657	http://caifuhao.eastmoney.com/topic/19	caifuhao
20180114	乐视风波	1460	http://caifuhao.eastmoney.com/topic/39	caifuhao
